E_lo,E_hi
2.98075318694,7.99999999881
9.65459239125,15.0000000000
