E_lo,E_hi
0.761709615588,10.0000000000
